Workbook

Sheet Parametros
A1: Parámetros y criterios de valoración
A2: Modelo de amenazas D365 F&O - Riesgo = Impacto x Probabilidad.
A4: Impacto | B4: Valor | C4: Descripción
A5: Crítico | B5: 4 | C5: Fraude o pérdida financiera significativa, compromiso total del sistema o incumplimiento regulatorio grave.
A6: Alto | B6: 3 | C6: Afectación importante de datos o procesos financieros; recuperable con esfuerzo considerable.
A7: Medio | B7: 2 | C7: Afectación limitada o parcial de un proceso de negocio.
A8: Bajo | B8: 1 | C8: Efecto menor, sin impacto financiero relevante.
A10: Probabilidad | B10: Valor | C10: Descripción
A11: Muy Alta | B11: 4 | C11: Ocurre o se espera con casi total certeza en 12 meses (ataques comunes y automatizados).
A12: Alta | B12: 3 | C12: Probable en los próximos 12 meses.
A13: Media | B13: 2 | C13: Posible; requiere condiciones o habilidades moderadas.
A14: Baja | B14: 1 | C14: Poco probable; requiere condiciones excepcionales.
A16: Nivel de riesgo | B16: Puntaje mínimo | C16: Regla
A17: Crítico | B17: 9 | C17: Alto x Alta = 9 o más (coincide con la tabla del enunciado).
A18: Alto | B18: 6 | C18: Alto x Media = 6 (coincide con la tabla del enunciado).
A19: Medio | B19: 3 | C19: Medio x Medio = 4 (coincide con la tabla del enunciado).
A20: Bajo | B20: 0 | C20: Bajo x Bajo = 1 (coincide con la tabla del enunciado).
A22: Horizonte | B22: Fecha límite | C22: Descripción
A23: Corto plazo (0-3 meses) | B23: 46395 | C23: Fecha límite supuesta a partir del 2026-10-08 (inicio del plan). Ajustar al calendario real.
A24: Mediano plazo (3-6 meses) | B24: 46485 | C24: Fecha límite supuesta a partir del 2026-10-08 (inicio del plan). Ajustar al calendario real.
A25: Largo plazo (6-12 meses) | B25: 46668 | C25: Fecha límite supuesta a partir del 2026-10-08 (inicio del plan). Ajustar al calendario real.

Sheet Matriz_Riesgos
A1: Matriz de riesgos - Modelo de amenazas D365 F&O
A3: ID | B3: Diagrama | C3: Elemento | D3: STRIDE | E3: Amenaza | F3: Impacto | G3: Probabilidad | H3: Valor impacto | I3: Valor prob. | J3: Puntaje | K3: Nivel de riesgo | L3: Impacto residual | M3: Prob. Residual | N3: Puntaje residual | O3: Riesgo residual | P3: Desempate | Q3: Puntaje de orden | R3: Ranking
A4: T01 | B4: L1 | C4: P01 Microsoft Entra ID | D4: Spoofing | E4: Suplantación de usuarios financieros por phishing/AiTM y fatiga de MFA | F4: Crítico | G4: Alta | H4: =INDEX(Parametros!$B$5:$B$8,MATCH(F4,Parametros!$A$5:$A$8,0)) -> 4 | I4: =INDEX(Parametros!$B$11:$B$14,MATCH(G4,Parametros!$A$11:$A$14,0)) -> 3 | J4: =H4*I4 -> 12 | K4: =IF(J4>=Parametros!$B$17,"Crítico",IF(J4>=Parametros!$B$18,"Alto",IF(J4>=Parametros!$B$19,"Medio","Bajo"))) -> Crítico | L4: Crítico | M4: Baja | N4: =INDEX(Parametros!$B$5:$B$8,MATCH(L4,Parametros!$A$5:$A$8,0))*INDEX(Parametros!$B$11:$B$14,MATCH(M4,Parametros!$A$11:$A$14,0)) -> 4 | O4: =IF(N4>=Parametros!$B$17,"Crítico",IF(N4>=Parametros!$B$18,"Alto",IF(N4>=Parametros!$B$19,"Medio","Bajo"))) -> Medio | P4: 0 | Q4: =J4+P4*0.5+(1000-ROW())/100000 -> 12.00996 | R4: =RANK(Q4,$Q$4:$Q$34,0) -> 1
A5: T02 | B5: L1 | C5: EE04 Proveedor externo | D5: Spoofing | E5: Suplantación de proveedor externo en el portal de colaboración | F5: Alto | G5: Alta | H5: =INDEX(Parametros!$B$5:$B$8,MATCH(F5,Parametros!$A$5:$A$8,0)) -> 3 | I5: =INDEX(Parametros!$B$11:$B$14,MATCH(G5,Parametros!$A$11:$A$14,0)) -> 3 | J5: =H5*I5 -> 9 | K5: =IF(J5>=Parametros!$B$17,"Crítico",IF(J5>=Parametros!$B$18,"Alto",IF(J5>=Parametros!$B$19,"Medio","Bajo"))) -> Crítico | L5: Alto | M5: Baja | N5: =INDEX(Parametros!$B$5:$B$8,MATCH(L5,Parametros!$A$5:$A$8,0))*INDEX(Parametros!$B$11:$B$14,MATCH(M5,Parametros!$A$11:$A$14,0)) -> 3 | O5: =IF(N5>=Parametros!$B$17,"Crítico",IF(N5>=Parametros!$B$18,"Alto",IF(N5>=Parametros!$B$19,"Medio","Bajo"))) -> Medio | P5: 0 | Q5: =J5+P5*0.5+(1000-ROW())/100000 -> 9.00995 | R5: =RANK(Q5,$Q$4:$Q$34,0) -> 4
A6: T03 | B6: L1 | C6: P02 D365 F&O - Finanzas | D6: Elevation of Privilege | E6: Violación de segregación de funciones por acumulación de roles | F6: Crítico | G6: Alta | H6: =INDEX(Parametros!$B$5:$B$8,MATCH(F6,Parametros!$A$5:$A$8,0)) -> 4 | I6: =INDEX(Parametros!$B$11:$B$14,MATCH(G6,Parametros!$A$11:$A$14,0)) -> 3 | J6: =H6*I6 -> 12 | K6: =IF(J6>=Parametros!$B$17,"Crítico",IF(J6>=Parametros!$B$18,"Alto",IF(J6>=Parametros!$B$19,"Medio","Bajo"))) -> Crítico | L6: Alto | M6: Baja | N6: =INDEX(Parametros!$B$5:$B$8,MATCH(L6,Parametros!$A$5:$A$8,0))*INDEX(Parametros!$B$11:$B$14,MATCH(M6,Parametros!$A$11:$A$14,0)) -> 3 | O6: =IF(N6>=Parametros!$B$17,"Crítico",IF(N6>=Parametros!$B$18,"Alto",IF(N6>=Parametros!$B$19,"Medio","Bajo"))) -> Medio | P6: 0 | Q6: =J6+P6*0.5+(1000-ROW())/100000 -> 12.00994 | R6: =RANK(Q6,$Q$4:$Q$34,0) -> 2
A7: T04 | B7: L1 | C7: P01 Microsoft Entra ID | D7: Elevation of Privilege | E7: Compromiso de cuenta administrativa con privilegios permanentes | F7: Crítico | G7: Media | H7: =INDEX(Parametros!$B$5:$B$8,MATCH(F7,Parametros!$A$5:$A$8,0)) -> 4 | I7: =INDEX(Parametros!$B$11:$B$14,MATCH(G7,Parametros!$A$11:$A$14,0)) -> 2 | J7: =H7*I7 -> 8 | K7: =IF(J7>=Parametros!$B$17,"Crítico",IF(J7>=Parametros!$B$18,"Alto",IF(J7>=Parametros!$B$19,"Medio","Bajo"))) -> Alto | L7: Crítico | M7: Baja | N7: =INDEX(Parametros!$B$5:$B$8,MATCH(L7,Parametros!$A$5:$A$8,0))*INDEX(Parametros!$B$11:$B$14,MATCH(M7,Parametros!$A$11:$A$14,0)) -> 4 | O7: =IF(N7>=Parametros!$B$17,"Crítico",IF(N7>=Parametros!$B$18,"Alto",IF(N7>=Parametros!$B$19,"Medio","Bajo"))) -> Medio | P7: 1 | Q7: =J7+P7*0.5+(1000-ROW())/100000 -> 8.50993 | R7: =RANK(Q7,$Q$4:$Q$34,0) -> 7
A8: T05 | B8: L1 | C8: P03 D365 F&O - Compras | D8: Tampering | E8: Alteración de datos maestros de proveedores (cuenta bancaria) | F8: Crítico | G8: Alta | H8: =INDEX(Parametros!$B$5:$B$8,MATCH(F8,Parametros!$A$5:$A$8,0)) -> 4 | I8: =INDEX(Parametros!$B$11:$B$14,MATCH(G8,Parametros!$A$11:$A$14,0)) -> 3 | J8: =H8*I8 -> 12 | K8: =IF(J8>=Parametros!$B$17,"Crítico",IF(J8>=Parametros!$B$18,"Alto",IF(J8>=Parametros!$B$19,"Medio","Bajo"))) -> Crítico | L8: Alto | M8: Baja | N8: =INDEX(Parametros!$B$5:$B$8,MATCH(L8,Parametros!$A$5:$A$8,0))*INDEX(Parametros!$B$11:$B$14,MATCH(M8,Parametros!$A$11:$A$14,0)) -> 3 | O8: =IF(N8>=Parametros!$B$17,"Crítico",IF(N8>=Parametros!$B$18,"Alto",IF(N8>=Parametros!$B$19,"Medio","Bajo"))) -> Medio | P8: 0 | Q8: =J8+P8*0.5+(1000-ROW())/100000 -> 12.00992 | R8: =RANK(Q8,$Q$4:$Q$34,0) -> 3
A9: T06 | B9: L1 | C9: F1-07 Transacciones contables y pagos | D9: Tampering | E9: Manipulación de transacciones en tránsito o desde un navegador comprometido | F9: Alto | G9: Media | H9: =INDEX(Parametros!$B$5:$B$8,MATCH(F9,Parametros!$A$5:$A$8,0)) -> 3 | I9: =INDEX(Parametros!$B$11:$B$14,MATCH(G9,Parametros!$A$11:$A$14,0)) -> 2 | J9: =H9*I9 -> 6 | K9: =IF(J9>=Parametros!$B$17,"Crítico",IF(J9>=Parametros!$B$18,"Alto",IF(J9>=Parametros!$B$19,"Medio","Bajo"))) -> Alto | L9: Alto | M9: Baja | N9: =INDEX(Parametros!$B$5:$B$8,MATCH(L9,Parametros!$A$5:$A$8,0))*INDEX(Parametros!$B$11:$B$14,MATCH(M9,Parametros!$A$11:$A$14,0)) -> 3 | O9: =IF(N9>=Parametros!$B$17,"Crítico",IF(N9>=Parametros!$B$18,"Alto",IF(N9>=Parametros!$B$19,"Medio","Bajo"))) -> Medio | P9: 0 | Q9: =J9+P9*0.5+(1000-ROW())/100000 -> 6.00991 | R9: =RANK(Q9,$Q$4:$Q$34,0) -> 14
A10: T07 | B10: L1 | C10: P02 D365 F&O - Finanzas | D10: Repudiation | E10: Negación de aprobaciones y pagos por trazabilidad insuficiente | F10: Alto | G10: Media | H10: =INDEX(Parametros!$B$5:$B$8,MATCH(F10,Parametros!$A$5:$A$8,0)) -> 3 | I10: =INDEX(Parametros!$B$11:$B$14,MATCH(G10,Parametros!$A$11:$A$14,0)) -> 2 | J10: =H10*I10 -> 6 | K10: =IF(J10>=Parametros!$B$17,"Crítico",IF(J10>=Parametros!$B$18,"Alto",IF(J10>=Parametros!$B$19,"Medio","Bajo"))) -> Alto | L10: Medio | M10: Baja | N10: =INDEX(Parametros!$B$5:$B$8,MATCH(L10,Parametros!$A$5:$A$8,0))*INDEX(Parametros!$B$11:$B$14,MATCH(M10,Parametros!$A$11:$A$14,0)) -> 2 | O10: =IF(N10>=Parametros!$B$17,"Crítico",IF(N10>=Parametros!$B$18,"Alto",IF(N10>=Parametros!$B$19,"Medio","Bajo"))) -> Bajo | P10: 0 | Q10: =J10+P10*0.5+(1000-ROW())/100000 -> 6.0099 | R10: =RANK(Q10,$Q$4:$Q$34,0) -> 15
A11: T08 | B11: L1 | C11: EE03 Administrador D365 | D11: Repudiation | E11: Cambios administrativos sin atribución clara | F11: Alto | G11: Baja | H11: =INDEX(Parametros!$B$5:$B$8,MATCH(F11,Parametros!$A$5:$A$8,0)) -> 3 | I11: =INDEX(Parametros!$B$11:$B$14,MATCH(G11,Parametros!$A$11:$A$14,0)) -> 1 | J11: =H11*I11 -> 3 | K11: =IF(J11>=Parametros!$B$17,"Crítico",IF(J11>=Parametros!$B$18,"Alto",IF(J11>=Parametros!$B$19,"Medio","Bajo"))) -> Medio | L11: Medio | M11: Baja | N11: =INDEX(Parametros!$B$5:$B$8,MATCH(L11,Parametros!$A$5:$A$8,0))*INDEX(Parametros!$B$11:$B$14,MATCH(M11,Parametros!$A$11:$A$14,0)) -> 2 | O11: =IF(N11>=Parametros!$B$17,"Crítico",IF(N11>=Parametros!$B$18,"Alto",IF(N11>=Parametros!$B$19,"Medio","Bajo"))) -> Bajo | P11: 0 | Q11: =J11+P11*0.5+(1000-ROW())/100000 -> 3.00989 | R11: =RANK(Q11,$Q$4:$Q$34,0) -> 25
A12: T09 | B12: L1 | C12: DS01 Base de datos de D365 | D12: Information Disclosure | E12: Exposición de datos financieros y de proveedores por permisos excesivos y exportaciones | F12: Crítico | G12: Media | H12: =INDEX(Parametros!$B$5:$B$8,MATCH(F12,Parametros!$A$5:$A$8,0)) -> 4 | I12: =INDEX(Parametros!$B$11:$B$14,MATCH(G12,Parametros!$A$11:$A$14,0)) -> 2 | J12: =H12*I12 -> 8 | K12: =IF(J12>=Parametros!$B$17,"Crítico",IF(J12>=Parametros!$B$18,"Alto",IF(J12>=Parametros!$B$19,"Medio","Bajo"))) -> Alto | L12: Alto | M12: Baja | N12: =INDEX(Parametros!$B$5:$B$8,MATCH(L12,Parametros!$A$5:$A$8,0))*INDEX(Parametros!$B$11:$B$14,MATCH(M12,Parametros!$A$11:$A$14,0)) -> 3 | O12: =IF(N12>=Parametros!$B$17,"Crítico",IF(N12>=Parametros!$B$18,"Alto",IF(N12>=Parametros!$B$19,"Medio","Bajo"))) -> Medio | P12: 0 | Q12: =J12+P12*0.5+(1000-ROW())/100000 -> 8.00988 | R12: =RANK(Q12,$Q$4:$Q$34,0) -> 11
A13: T10 | B13: L1 | C13: P05 Power BI Service | D13: Information Disclosure | E13: Fuga de datos financieros mediante Power BI | F13: Alto | G13: Alta | H13: =INDEX(Parametros!$B$5:$B$8,MATCH(F13,Parametros!$A$5:$A$8,0)) -> 3 | I13: =INDEX(Parametros!$B$11:$B$14,MATCH(G13,Parametros!$A$11:$A$14,0)) -> 3 | J13: =H13*I13 -> 9 | K13: =IF(J13>=Parametros!$B$17,"Crítico",IF(J13>=Parametros!$B$18,"Alto",IF(J13>=Parametros!$B$19,"Medio","Bajo"))) -> Crítico | L13: Medio | M13: Baja | N13: =INDEX(Parametros!$B$5:$B$8,MATCH(L13,Parametros!$A$5:$A$8,0))*INDEX(Parametros!$B$11:$B$14,MATCH(M13,Parametros!$A$11:$A$14,0)) -> 2 | O13: =IF(N13>=Parametros!$B$17,"Crítico",IF(N13>=Parametros!$B$18,"Alto",IF(N13>=Parametros!$B$19,"Medio","Bajo"))) -> Bajo | P13: 0 | Q13: =J13+P13*0.5+(1000-ROW())/100000 -> 9.00987 | R13: =RANK(Q13,$Q$4:$Q$34,0) -> 5
A14: T11 | B14: L1 | C14: DS02 Azure Key Vault | D14: Information Disclosure | E14: Exposición de certificados y credenciales bancarias en Key Vault | F14: Crítico | G14: Media | H14: =INDEX(Parametros!$B$5:$B$8,MATCH(F14,Parametros!$A$5:$A$8,0)) -> 4 | I14: =INDEX(Parametros!$B$11:$B$14,MATCH(G14,Parametros!$A$11:$A$14,0)) -> 2 | J14: =H14*I14 -> 8 | K14: =IF(J14>=Parametros!$B$17,"Crítico",IF(J14>=Parametros!$B$18,"Alto",IF(J14>=Parametros!$B$19,"Medio","Bajo"))) -> Alto | L14: Crítico | M14: Baja | N14: =INDEX(Parametros!$B$5:$B$8,MATCH(L14,Parametros!$A$5:$A$8,0))*INDEX(Parametros!$B$11:$B$14,MATCH(M14,Parametros!$A$11:$A$14,0)) -> 4 | O14: =IF(N14>=Parametros!$B$17,"Crítico",IF(N14>=Parametros!$B$18,"Alto",IF(N14>=Parametros!$B$19,"Medio","Bajo"))) -> Medio | P14: 0 | Q14: =J14+P14*0.5+(1000-ROW())/100000 -> 8.00986 | R14: =RANK(Q14,$Q$4:$Q$34,0) -> 12
A15: T12 | B15: L1 | C15: P02 D365 F&O - Finanzas | D15: Denial of Service | E15: Indisponibilidad de D365 durante cierres contables | F15: Alto | G15: Media | H15: =INDEX(Parametros!$B$5:$B$8,MATCH(F15,Parametros!$A$5:$A$8,0)) -> 3 | I15: =INDEX(Parametros!$B$11:$B$14,MATCH(G15,Parametros!$A$11:$A$14,0)) -> 2 | J15: =H15*I15 -> 6 | K15: =IF(J15>=Parametros!$B$17,"Crítico",IF(J15>=Parametros!$B$18,"Alto",IF(J15>=Parametros!$B$19,"Medio","Bajo"))) -> Alto | L15: Medio | M15: Media | N15: =INDEX(Parametros!$B$5:$B$8,MATCH(L15,Parametros!$A$5:$A$8,0))*INDEX(Parametros!$B$11:$B$14,MATCH(M15,Parametros!$A$11:$A$14,0)) -> 4 | O15: =IF(N15>=Parametros!$B$17,"Crítico",IF(N15>=Parametros!$B$18,"Alto",IF(N15>=Parametros!$B$19,"Medio","Bajo"))) -> Medio | P15: 0 | Q15: =J15+P15*0.5+(1000-ROW())/100000 -> 6.00985 | R15: =RANK(Q15,$Q$4:$Q$34,0) -> 16
... A34: T31 | B34: L2 | C34: P04.1 Azure Logic Apps (orquestador) | D34: Denial of Service | E34: Agotamiento de límites de ejecución por reintentos masivos | F34: Medio | G34: Media | H34: =INDEX(Parametros!$B$5:$B$8,MATCH(F34,Parametros!$A$5:$A$8,0)) -> 2 | I34: =INDEX(Parametros!$B$11:$B$14,MATCH(G34,Parametros!$A$11:$A$14,0)) -> 2 | J34: =H34*I34 -> 4 | K34: =IF(J34>=Parametros!$B$17,"Crítico",IF(J34>=Parametros!$B$18,"Alto",IF(J34>=Parametros!$B$19,"Medio","Bajo"))) -> Medio | L34: Bajo | M34: Baja | N34: =INDEX(Parametros!$B$5:$B$8,MATCH(L34,Parametros!$A$5:$A$8,0))*INDEX(Parametros!$B$11:$B$14,MATCH(M34,Parametros!$A$11:$A$14,0)) -> 1 | O34: =IF(N34>=Parametros!$B$17,"Crítico",IF(N34>=Parametros!$B$18,"Alto",IF(N34>=Parametros!$B$19,"Medio","Bajo"))) -> Bajo | P34: 0 | Q34: =J34+P34*0.5+(1000-ROW())/100000 -> 4.00966 | R34: =RANK(Q34,$Q$4:$Q$34,0) -> 24

Sheet Mapa_Calor
A1: Mapa de calor - cantidad de amenazas por Impacto x Probabilidad
A3: Riesgo inherente (antes de controles)
A4: Impacto \ Probabilidad | B4: Baja | C4: Media | D4: Alta | E4: Muy Alta
A5: Crítico | B5: =COUNTIFS(Matriz_Riesgos!$F$4:$F$34,$A5,Matriz_Riesgos!$G$4:$G$34,B$4) -> 1 | C5: =COUNTIFS(Matriz_Riesgos!$F$4:$F$34,$A5,Matriz_Riesgos!$G$4:$G$34,C$4) -> 7 | D5: =COUNTIFS(Matriz_Riesgos!$F$4:$F$34,$A5,Matriz_Riesgos!$G$4:$G$34,D$4) -> 3 | E5: =COUNTIFS(Matriz_Riesgos!$F$4:$F$34,$A5,Matriz_Riesgos!$G$4:$G$34,E$4) -> 0
A6: Alto | B6: =COUNTIFS(Matriz_Riesgos!$F$4:$F$34,$A6,Matriz_Riesgos!$G$4:$G$34,B$4) -> 5 | C6: =COUNTIFS(Matriz_Riesgos!$F$4:$F$34,$A6,Matriz_Riesgos!$G$4:$G$34,C$4) -> 6 | D6: =COUNTIFS(Matriz_Riesgos!$F$4:$F$34,$A6,Matriz_Riesgos!$G$4:$G$34,D$4) -> 3 | E6: =COUNTIFS(Matriz_Riesgos!$F$4:$F$34,$A6,Matriz_Riesgos!$G$4:$G$34,E$4) -> 0
A7: Medio | B7: =COUNTIFS(Matriz_Riesgos!$F$4:$F$34,$A7,Matriz_Riesgos!$G$4:$G$34,B$4) -> 2 | C7: =COUNTIFS(Matriz_Riesgos!$F$4:$F$34,$A7,Matriz_Riesgos!$G$4:$G$34,C$4) -> 4 | D7: =COUNTIFS(Matriz_Riesgos!$F$4:$F$34,$A7,Matriz_Riesgos!$G$4:$G$34,D$4) -> 0 | E7: =COUNTIFS(Matriz_Riesgos!$F$4:$F$34,$A7,Matriz_Riesgos!$G$4:$G$34,E$4) -> 0
A8: Bajo | B8: =COUNTIFS(Matriz_Riesgos!$F$4:$F$34,$A8,Matriz_Riesgos!$G$4:$G$34,B$4) -> 0 | C8: =COUNTIFS(Matriz_Riesgos!$F$4:$F$34,$A8,Matriz_Riesgos!$G$4:$G$34,C$4) -> 0 | D8: =COUNTIFS(Matriz_Riesgos!$F$4:$F$34,$A8,Matriz_Riesgos!$G$4:$G$34,D$4) -> 0 | E8: =COUNTIFS(Matriz_Riesgos!$F$4:$F$34,$A8,Matriz_Riesgos!$G$4:$G$34,E$4) -> 0
A9: Total | B9: =SUM(B5:E8) -> 31
A12: Riesgo residual (después de controles recomendados)
A13: Impacto \ Probabilidad | B13: Baja | C13: Media | D13: Alta | E13: Muy Alta
A14: Crítico | B14: =COUNTIFS(Matriz_Riesgos!$L$4:$L$34,$A14,Matriz_Riesgos!$M$4:$M$34,B$13) -> 8 | C14: =COUNTIFS(Matriz_Riesgos!$L$4:$L$34,$A14,Matriz_Riesgos!$M$4:$M$34,C$13) -> 0 | D14: =COUNTIFS(Matriz_Riesgos!$L$4:$L$34,$A14,Matriz_Riesgos!$M$4:$M$34,D$13) -> 0 | E14: =COUNTIFS(Matriz_Riesgos!$L$4:$L$34,$A14,Matriz_Riesgos!$M$4:$M$34,E$13) -> 0
A15: Alto | B15: =COUNTIFS(Matriz_Riesgos!$L$4:$L$34,$A15,Matriz_Riesgos!$M$4:$M$34,B$13) -> 6 | C15: =COUNTIFS(Matriz_Riesgos!$L$4:$L$34,$A15,Matriz_Riesgos!$M$4:$M$34,C$13) -> 0 | D15: =COUNTIFS(Matriz_Riesgos!$L$4:$L$34,$A15,Matriz_Riesgos!$M$4:$M$34,D$13) -> 0 | E15: =COUNTIFS(Matriz_Riesgos!$L$4:$L$34,$A15,Matriz_Riesgos!$M$4:$M$34,E$13) -> 0
A16: Medio | B16: =COUNTIFS(Matriz_Riesgos!$L$4:$L$34,$A16,Matriz_Riesgos!$M$4:$M$34,B$13) -> 10 | C16: =COUNTIFS(Matriz_Riesgos!$L$4:$L$34,$A16,Matriz_Riesgos!$M$4:$M$34,C$13) -> 1 | D16: =COUNTIFS(Matriz_Riesgos!$L$4:$L$34,$A16,Matriz_Riesgos!$M$4:$M$34,D$13) -> 0 | E16: =COUNTIFS(Matriz_Riesgos!$L$4:$L$34,$A16,Matriz_Riesgos!$M$4:$M$34,E$13) -> 0
A17: Bajo | B17: =COUNTIFS(Matriz_Riesgos!$L$4:$L$34,$A17,Matriz_Riesgos!$M$4:$M$34,B$13) -> 6 | C17: =COUNTIFS(Matriz_Riesgos!$L$4:$L$34,$A17,Matriz_Riesgos!$M$4:$M$34,C$13) -> 0 | D17: =COUNTIFS(Matriz_Riesgos!$L$4:$L$34,$A17,Matriz_Riesgos!$M$4:$M$34,D$13) -> 0 | E17: =COUNTIFS(Matriz_Riesgos!$L$4:$L$34,$A17,Matriz_Riesgos!$M$4:$M$34,E$13) -> 0
A18: Total | B18: =SUM(B14:E17) -> 31

Sheet Ranking
A1: Ranking de amenazas (ordenado automáticamente por puntaje)
A4: Pos. | B4: ID | C4: Elemento | D4: STRIDE | E4: Amenaza | F4: Puntaje | G4: Nivel | H4: Top 10
A5: 1 | B5: =INDEX(Matriz_Riesgos!$A$4:$A$34,MATCH($A5,Matriz_Riesgos!$R$4:$R$34,0)) -> T01 | C5: =INDEX(Matriz_Riesgos!$C$4:$C$34,MATCH($B5,Matriz_Riesgos!$A$4:$A$34,0)) -> P01 Microsoft Entra ID | D5: =INDEX(Matriz_Riesgos!$D$4:$D$34,MATCH($B5,Matriz_Riesgos!$A$4:$A$34,0)) -> Spoofing | E5: =INDEX(Matriz_Riesgos!$E$4:$E$34,MATCH($B5,Matriz_Riesgos!$A$4:$A$34,0)) -> Suplantación de usuarios financieros por phishing/AiTM y fatiga de MFA | F5: =INDEX(Matriz_Riesgos!$J$4:$J$34,MATCH($B5,Matriz_Riesgos!$A$4:$A$34,0)) -> 12 | G5: =INDEX(Matriz_Riesgos!$K$4:$K$34,MATCH($B5,Matriz_Riesgos!$A$4:$A$34,0)) -> Crítico | H5: =IF(A5<=10,"Top 10","") -> Top 10
A6: 2 | B6: =INDEX(Matriz_Riesgos!$A$4:$A$34,MATCH($A6,Matriz_Riesgos!$R$4:$R$34,0)) -> T03 | C6: =INDEX(Matriz_Riesgos!$C$4:$C$34,MATCH($B6,Matriz_Riesgos!$A$4:$A$34,0)) -> P02 D365 F&O - Finanzas | D6: =INDEX(Matriz_Riesgos!$D$4:$D$34,MATCH($B6,Matriz_Riesgos!$A$4:$A$34,0)) -> Elevation of Privilege | E6: =INDEX(Matriz_Riesgos!$E$4:$E$34,MATCH($B6,Matriz_Riesgos!$A$4:$A$34,0)) -> Violación de segregación de funciones por acumulación de roles | F6: =INDEX(Matriz_Riesgos!$J$4:$J$34,MATCH($B6,Matriz_Riesgos!$A$4:$A$34,0)) -> 12 | G6: =INDEX(Matriz_Riesgos!$K$4:$K$34,MATCH($B6,Matriz_Riesgos!$A$4:$A$34,0)) -> Crítico | H6: =IF(A6<=10,"Top 10","") -> Top 10
A7: 3 | B7: =INDEX(Matriz_Riesgos!$A$4:$A$34,MATCH($A7,Matriz_Riesgos!$R$4:$R$34,0)) -> T05 | C7: =INDEX(Matriz_Riesgos!$C$4:$C$34,MATCH($B7,Matriz_Riesgos!$A$4:$A$34,0)) -> P03 D365 F&O - Compras | D7: =INDEX(Matriz_Riesgos!$D$4:$D$34,MATCH($B7,Matriz_Riesgos!$A$4:$A$34,0)) -> Tampering | E7: =INDEX(Matriz_Riesgos!$E$4:$E$34,MATCH($B7,Matriz_Riesgos!$A$4:$A$34,0)) -> Alteración de datos maestros de proveedores (cuenta bancaria) | F7: =INDEX(Matriz_Riesgos!$J$4:$J$34,MATCH($B7,Matriz_Riesgos!$A$4:$A$34,0)) -> 12 | G7: =INDEX(Matriz_Riesgos!$K$4:$K$34,MATCH($B7,Matriz_Riesgos!$A$4:$A$34,0)) -> Crítico | H7: =IF(A7<=10,"Top 10","") -> Top 10
A8: 4 | B8: =INDEX(Matriz_Riesgos!$A$4:$A$34,MATCH($A8,Matriz_Riesgos!$R$4:$R$34,0)) -> T02 | C8: =INDEX(Matriz_Riesgos!$C$4:$C$34,MATCH($B8,Matriz_Riesgos!$A$4:$A$34,0)) -> EE04 Proveedor externo | D8: =INDEX(Matriz_Riesgos!$D$4:$D$34,MATCH($B8,Matriz_Riesgos!$A$4:$A$34,0)) -> Spoofing | E8: =INDEX(Matriz_Riesgos!$E$4:$E$34,MATCH($B8,Matriz_Riesgos!$A$4:$A$34,0)) -> Suplantación de proveedor externo en el portal de colaboración | F8: =INDEX(Matriz_Riesgos!$J$4:$J$34,MATCH($B8,Matriz_Riesgos!$A$4:$A$34,0)) -> 9 | G8: =INDEX(Matriz_Riesgos!$K$4:$K$34,MATCH($B8,Matriz_Riesgos!$A$4:$A$34,0)) -> Crítico | H8: =IF(A8<=10,"Top 10","") -> Top 10
A9: 5 | B9: =INDEX(Matriz_Riesgos!$A$4:$A$34,MATCH($A9,Matriz_Riesgos!$R$4:$R$34,0)) -> T10 | C9: =INDEX(Matriz_Riesgos!$C$4:$C$34,MATCH($B9,Matriz_Riesgos!$A$4:$A$34,0)) -> P05 Power BI Service | D9: =INDEX(Matriz_Riesgos!$D$4:$D$34,MATCH($B9,Matriz_Riesgos!$A$4:$A$34,0)) -> Information Disclosure | E9: =INDEX(Matriz_Riesgos!$E$4:$E$34,MATCH($B9,Matriz_Riesgos!$A$4:$A$34,0)) -> Fuga de datos financieros mediante Power BI | F9: =INDEX(Matriz_Riesgos!$J$4:$J$34,MATCH($B9,Matriz_Riesgos!$A$4:$A$34,0)) -> 9 | G9: =INDEX(Matriz_Riesgos!$K$4:$K$34,MATCH($B9,Matriz_Riesgos!$A$4:$A$34,0)) -> Crítico | H9: =IF(A9<=10,"Top 10","") -> Top 10
A10: 6 | B10: =INDEX(Matriz_Riesgos!$A$4:$A$34,MATCH($A10,Matriz_Riesgos!$R$4:$R$34,0)) -> T25 | C10: =INDEX(Matriz_Riesgos!$C$4:$C$34,MATCH($B10,Matriz_Riesgos!$A$4:$A$34,0)) -> P04.3 Conector bancario (firma y cifrado) | D10: =INDEX(Matriz_Riesgos!$D$4:$D$34,MATCH($B10,Matriz_Riesgos!$A$4:$A$34,0)) -> Information Disclosure | E10: =INDEX(Matriz_Riesgos!$E$4:$E$34,MATCH($B10,Matriz_Riesgos!$A$4:$A$34,0)) -> Exposición de datos de pago en el historial de ejecución | F10: =INDEX(Matriz_Riesgos!$J$4:$J$34,MATCH($B10,Matriz_Riesgos!$A$4:$A$34,0)) -> 9 | G10: =INDEX(Matriz_Riesgos!$K$4:$K$34,MATCH($B10,Matriz_Riesgos!$A$4:$A$34,0)) -> Crítico | H10: =IF(A10<=10,"Top 10","") -> Top 10
A11: 7 | B11: =INDEX(Matriz_Riesgos!$A$4:$A$34,MATCH($A11,Matriz_Riesgos!$R$4:$R$34,0)) -> T04 | C11: =INDEX(Matriz_Riesgos!$C$4:$C$34,MATCH($B11,Matriz_Riesgos!$A$4:$A$34,0)) -> P01 Microsoft Entra ID | D11: =INDEX(Matriz_Riesgos!$D$4:$D$34,MATCH($B11,Matriz_Riesgos!$A$4:$A$34,0)) -> Elevation of Privilege | E11: =INDEX(Matriz_Riesgos!$E$4:$E$34,MATCH($B11,Matriz_Riesgos!$A$4:$A$34,0)) -> Compromiso de cuenta administrativa con privilegios permanentes | F11: =INDEX(Matriz_Riesgos!$J$4:$J$34,MATCH($B11,Matriz_Riesgos!$A$4:$A$34,0)) -> 8 | G11: =INDEX(Matriz_Riesgos!$K$4:$K$34,MATCH($B11,Matriz_Riesgos!$A$4:$A$34,0)) -> Alto | H11: =IF(A11<=10,"Top 10","") -> Top 10
A12: 8 | B12: =INDEX(Matriz_Riesgos!$A$4:$A$34,MATCH($A12,Matriz_Riesgos!$R$4:$R$34,0)) -> T22 | C12: =INDEX(Matriz_Riesgos!$C$4:$C$34,MATCH($B12,Matriz_Riesgos!$A$4:$A$34,0)) -> F2-02 Lote de pago aprobado (OData) | D12: =INDEX(Matriz_Riesgos!$D$4:$D$34,MATCH($B12,Matriz_Riesgos!$A$4:$A$34,0)) -> Tampering | E12: =INDEX(Matriz_Riesgos!$E$4:$E$34,MATCH($B12,Matriz_Riesgos!$A$4:$A$34,0)) -> Alteración del lote de pago aprobado (beneficiario, monto o cuenta) | F12: =INDEX(Matriz_Riesgos!$J$4:$J$34,MATCH($B12,Matriz_Riesgos!$A$4:$A$34,0)) -> 8 | G12: =INDEX(Matriz_Riesgos!$K$4:$K$34,MATCH($B12,Matriz_Riesgos!$A$4:$A$34,0)) -> Alto | H12: =IF(A12<=10,"Top 10","") -> Top 10
A13: 9 | B13: =INDEX(Matriz_Riesgos!$A$4:$A$34,MATCH($A13,Matriz_Riesgos!$R$4:$R$34,0)) -> T23 | C13: =INDEX(Matriz_Riesgos!$C$4:$C$34,MATCH($B13,Matriz_Riesgos!$A$4:$A$34,0)) -> P04.2 Azure Service Bus | D13: =INDEX(Matriz_Riesgos!$D$4:$D$34,MATCH($B13,Matriz_Riesgos!$A$4:$A$34,0)) -> Tampering | E13: =INDEX(Matriz_Riesgos!$E$4:$E$34,MATCH($B13,Matriz_Riesgos!$A$4:$A$34,0)) -> Inyección de mensajes de pago falsos en Service Bus | F13: =INDEX(Matriz_Riesgos!$J$4:$J$34,MATCH($B13,Matriz_Riesgos!$A$4:$A$34,0)) -> 8 | G13: =INDEX(Matriz_Riesgos!$K$4:$K$34,MATCH($B13,Matriz_Riesgos!$A$4:$A$34,0)) -> Alto | H13: =IF(A13<=10,"Top 10","") -> Top 10
A14: 10 | B14: =INDEX(Matriz_Riesgos!$A$4:$A$34,MATCH($A14,Matriz_Riesgos!$R$4:$R$34,0)) -> T24 | C14: =INDEX(Matriz_Riesgos!$C$4:$C$34,MATCH($B14,Matriz_Riesgos!$A$4:$A$34,0)) -> P04.1 Azure Logic Apps (orquestador) | D14: =INDEX(Matriz_Riesgos!$D$4:$D$34,MATCH($B14,Matriz_Riesgos!$A$4:$A$34,0)) -> Spoofing | E14: =INDEX(Matriz_Riesgos!$E$4:$E$34,MATCH($B14,Matriz_Riesgos!$A$4:$A$34,0)) -> Invocación no autorizada del flujo de Logic Apps | F14: =INDEX(Matriz_Riesgos!$J$4:$J$34,MATCH($B14,Matriz_Riesgos!$A$4:$A$34,0)) -> 8 | G14: =INDEX(Matriz_Riesgos!$K$4:$K$34,MATCH($B14,Matriz_Riesgos!$A$4:$A$34,0)) -> Alto | H14: =IF(A14<=10,"Top 10","") -> Top 10
A15: 11 | B15: =INDEX(Matriz_Riesgos!$A$4:$A$34,MATCH($A15,Matriz_Riesgos!$R$4:$R$34,0)) -> T09 | C15: =INDEX(Matriz_Riesgos!$C$4:$C$34,MATCH($B15,Matriz_Riesgos!$A$4:$A$34,0)) -> DS01 Base de datos de D365 | D15: =INDEX(Matriz_Riesgos!$D$4:$D$34,MATCH($B15,Matriz_Riesgos!$A$4:$A$34,0)) -> Information Disclosure | E15: =INDEX(Matriz_Riesgos!$E$4:$E$34,MATCH($B15,Matriz_Riesgos!$A$4:$A$34,0)) -> Exposición de datos financieros y de proveedores por permisos excesivos y exportaciones | F15: =INDEX(Matriz_Riesgos!$J$4:$J$34,MATCH($B15,Matriz_Riesgos!$A$4:$A$34,0)) -> 8 | G15: =INDEX(Matriz_Riesgos!$K$4:$K$34,MATCH($B15,Matriz_Riesgos!$A$4:$A$34,0)) -> Alto | H15: =IF(A15<=10,"Top 10","")
A16: 12 | B16: =INDEX(Matriz_Riesgos!$A$4:$A$34,MATCH($A16,Matriz_Riesgos!$R$4:$R$34,0)) -> T11 | C16: =INDEX(Matriz_Riesgos!$C$4:$C$34,MATCH($B16,Matriz_Riesgos!$A$4:$A$34,0)) -> DS02 Azure Key Vault | D16: =INDEX(Matriz_Riesgos!$D$4:$D$34,MATCH($B16,Matriz_Riesgos!$A$4:$A$34,0)) -> Information Disclosure | E16: =INDEX(Matriz_Riesgos!$E$4:$E$34,MATCH($B16,Matriz_Riesgos!$A$4:$A$34,0)) -> Exposición de certificados y credenciales bancarias en Key Vault | F16: =INDEX(Matriz_Riesgos!$J$4:$J$34,MATCH($B16,Matriz_Riesgos!$A$4:$A$34,0)) -> 8 | G16: =INDEX(Matriz_Riesgos!$K$4:$K$34,MATCH($B16,Matriz_Riesgos!$A$4:$A$34,0)) -> Alto | H16: =IF(A16<=10,"Top 10","")
... A35: 31 | B35: =INDEX(Matriz_Riesgos!$A$4:$A$34,MATCH($A35,Matriz_Riesgos!$R$4:$R$34,0)) -> T21 | C35: =INDEX(Matriz_Riesgos!$C$4:$C$34,MATCH($B35,Matriz_Riesgos!$A$4:$A$34,0)) -> EE05 Analista BI | D35: =INDEX(Matriz_Riesgos!$D$4:$D$34,MATCH($B35,Matriz_Riesgos!$A$4:$A$34,0)) -> Repudiation | E35: =INDEX(Matriz_Riesgos!$E$4:$E$34,MATCH($B35,Matriz_Riesgos!$A$4:$A$34,0)) -> El analista BI niega haber exportado o compartido informes | F35: =INDEX(Matriz_Riesgos!$J$4:$J$34,MATCH($B35,Matriz_Riesgos!$A$4:$A$34,0)) -> 2 | G35: =INDEX(Matriz_Riesgos!$K$4:$K$34,MATCH($B35,Matriz_Riesgos!$A$4:$A$34,0)) -> Bajo | H35: =IF(A35<=10,"Top 10","")

Sheet Remediacion
A1: Matriz de remediación
A2: Responsable, acción, horizonte, fecha y estado (azul) son editables. Severidad y puntaje se traen de Matriz_Riesgos.
A5: ID | B5: Riesgo identificado | C5: Severidad | D5: Puntaje | E5: Responsable (rol) | F5: Acción correctiva / de mitigación | G5: Horizonte | H5: Fecha objetivo | I5: Estado | J5: Ranking
A6: T01 | B6: Suplantación de usuarios financieros por phishing/AiTM y fatiga de MFA | C6: =INDEX(Matriz_Riesgos!$K$4:$K$34,MATCH($A6,Matriz_Riesgos!$A$4:$A$34,0)) -> Crítico | D6: =INDEX(Matriz_Riesgos!$J$4:$J$34,MATCH($A6,Matriz_Riesgos!$A$4:$A$34,0)) -> 12 | E6: Líder de Identidad (Entra ID) | F6: MFA resistente a phishing (FIDO2/passkeys, number matching); acceso condicional (dispositivo conforme, ubicación, riesgo de sesión); protección de tokens; capacitación anti-phishing. | G6: Corto plazo (0-3 meses) | H6: 46395 | I6: Pendiente | J6: =INDEX(Matriz_Riesgos!$R$4:$R$34,MATCH($A6,Matriz_Riesgos!$A$4:$A$34,0)) -> 1
A7: T03 | B7: Violación de segregación de funciones por acumulación de roles | C7: =INDEX(Matriz_Riesgos!$K$4:$K$34,MATCH($A7,Matriz_Riesgos!$A$4:$A$34,0)) -> Crítico | D7: =INDEX(Matriz_Riesgos!$J$4:$J$34,MATCH($A7,Matriz_Riesgos!$A$4:$A$34,0)) -> 12 | E7: Contralor / Líder de Finanzas | F7: Reglas de segregación de funciones (SoD) en D365; rol mínimo necesario; revisiones trimestrales de acceso; aprobación por workflow. | G7: Corto plazo (0-3 meses) | H7: 46395 | I7: Pendiente | J7: =INDEX(Matriz_Riesgos!$R$4:$R$34,MATCH($A7,Matriz_Riesgos!$A$4:$A$34,0)) -> 2
A8: T05 | B8: Alteración de datos maestros de proveedores (cuenta bancaria) | C8: =INDEX(Matriz_Riesgos!$K$4:$K$34,MATCH($A8,Matriz_Riesgos!$A$4:$A$34,0)) -> Crítico | D8: =INDEX(Matriz_Riesgos!$J$4:$J$34,MATCH($A8,Matriz_Riesgos!$A$4:$A$34,0)) -> 12 | E8: Líder de Compras | F8: Workflow de aprobación para cambios en datos maestros; doble control; verificación por llamada a un contacto conocido; restricción de roles de mantenimiento de proveedores. | G8: Corto plazo (0-3 meses) | H8: 46395 | I8: Pendiente | J8: =INDEX(Matriz_Riesgos!$R$4:$R$34,MATCH($A8,Matriz_Riesgos!$A$4:$A$34,0)) -> 3
A9: T02 | B9: Suplantación de proveedor externo en el portal de colaboración | C9: =INDEX(Matriz_Riesgos!$K$4:$K$34,MATCH($A9,Matriz_Riesgos!$A$4:$A$34,0)) -> Crítico | D9: =INDEX(Matriz_Riesgos!$J$4:$J$34,MATCH($A9,Matriz_Riesgos!$A$4:$A$34,0)) -> 9 | E9: Líder de Compras | F9: Cuentas invitadas (Entra B2B) con MFA obligatorio; verificación fuera de banda para cambios de datos bancarios; revisión periódica de cuentas externas. | G9: Corto plazo (0-3 meses) | H9: 46395 | I9: Pendiente | J9: =INDEX(Matriz_Riesgos!$R$4:$R$34,MATCH($A9,Matriz_Riesgos!$A$4:$A$34,0)) -> 4
A10: T10 | B10: Fuga de datos financieros mediante Power BI | C10: =INDEX(Matriz_Riesgos!$K$4:$K$34,MATCH($A10,Matriz_Riesgos!$A$4:$A$34,0)) -> Crítico | D10: =INDEX(Matriz_Riesgos!$J$4:$J$34,MATCH($A10,Matriz_Riesgos!$A$4:$A$34,0)) -> 9 | E10: Líder de BI | F10: Deshabilitar 'Publicar en la web'; seguridad a nivel de fila (RLS); etiquetas de sensibilidad; permisos de workspace mínimos; gobierno de compartición. | G10: Corto plazo (0-3 meses) | H10: 46395 | I10: Pendiente | J10: =INDEX(Matriz_Riesgos!$R$4:$R$34,MATCH($A10,Matriz_Riesgos!$A$4:$A$34,0)) -> 5
A11: T25 | B11: Exposición de datos de pago en el historial de ejecución | C11: =INDEX(Matriz_Riesgos!$K$4:$K$34,MATCH($A11,Matriz_Riesgos!$A$4:$A$34,0)) -> Crítico | D11: =INDEX(Matriz_Riesgos!$J$4:$J$34,MATCH($A11,Matriz_Riesgos!$A$4:$A$34,0)) -> 9 | E11: Equipo de Integración | F11: Activar entradas y salidas seguras (secure inputs/outputs); RBAC restringido al historial; enmascaramiento; retención mínima. | G11: Corto plazo (0-3 meses) | H11: 46395 | I11: Pendiente | J11: =INDEX(Matriz_Riesgos!$R$4:$R$34,MATCH($A11,Matriz_Riesgos!$A$4:$A$34,0)) -> 6
A12: T04 | B12: Compromiso de cuenta administrativa con privilegios permanentes | C12: =INDEX(Matriz_Riesgos!$K$4:$K$34,MATCH($A12,Matriz_Riesgos!$A$4:$A$34,0)) -> Alto | D12: =INDEX(Matriz_Riesgos!$J$4:$J$34,MATCH($A12,Matriz_Riesgos!$A$4:$A$34,0)) -> 8 | E12: Líder de Identidad (Entra ID) | F12: Privileged Identity Management (acceso justo a tiempo); cuentas administrativas separadas; estaciones de trabajo privilegiadas; cuentas de emergencia protegidas y monitoreadas. | G12: Corto plazo (0-3 meses) | H12: 46395 | I12: Pendiente | J12: =INDEX(Matriz_Riesgos!$R$4:$R$34,MATCH($A12,Matriz_Riesgos!$A$4:$A$34,0)) -> 7
A13: T22 | B13: Alteración del lote de pago aprobado (beneficiario, monto o cuenta) | C13: =INDEX(Matriz_Riesgos!$K$4:$K$34,MATCH($A13,Matriz_Riesgos!$A$4:$A$34,0)) -> Alto | D13: =INDEX(Matriz_Riesgos!$J$4:$J$34,MATCH($A13,Matriz_Riesgos!$A$4:$A$34,0)) -> 8 | E13: Tesorería / Equipo de Integración | F13: Hash o firma del lote en origen y verificación en el conector; TLS; comparación de totales de control; mínimo privilegio sobre Logic Apps. | G13: Corto plazo (0-3 meses) | H13: 46395 | I13: Pendiente | J13: =INDEX(Matriz_Riesgos!$R$4:$R$34,MATCH($A13,Matriz_Riesgos!$A$4:$A$34,0)) -> 8
A14: T23 | B14: Inyección de mensajes de pago falsos en Service Bus | C14: =INDEX(Matriz_Riesgos!$K$4:$K$34,MATCH($A14,Matriz_Riesgos!$A$4:$A$34,0)) -> Alto | D14: =INDEX(Matriz_Riesgos!$J$4:$J$34,MATCH($A14,Matriz_Riesgos!$A$4:$A$34,0)) -> 8 | E14: Equipo de Integración | F14: Autenticación con Entra ID/RBAC sin SAS; private endpoints; deshabilitar acceso público; validar origen y firma del mensaje. | G14: Corto plazo (0-3 meses) | H14: 46395 | I14: Pendiente | J14: =INDEX(Matriz_Riesgos!$R$4:$R$34,MATCH($A14,Matriz_Riesgos!$A$4:$A$34,0)) -> 9
A15: T24 | B15: Invocación no autorizada del flujo de Logic Apps | C15: =INDEX(Matriz_Riesgos!$K$4:$K$34,MATCH($A15,Matriz_Riesgos!$A$4:$A$34,0)) -> Alto | D15: =INDEX(Matriz_Riesgos!$J$4:$J$34,MATCH($A15,Matriz_Riesgos!$A$4:$A$34,0)) -> 8 | E15: Equipo de Integración | F15: Autenticación con Entra ID (OAuth) en el desencadenador; restricción de IP de entrada; API Management; tratar las URL del trigger como secretos. | G15: Corto plazo (0-3 meses) | H15: 46395 | I15: Pendiente | J15: =INDEX(Matriz_Riesgos!$R$4:$R$34,MATCH($A15,Matriz_Riesgos!$A$4:$A$34,0)) -> 10
A16: T11 | B16: Exposición de certificados y credenciales bancarias en Key Vault | C16: =INDEX(Matriz_Riesgos!$K$4:$K$34,MATCH($A16,Matriz_Riesgos!$A$4:$A$34,0)) -> Alto | D16: =INDEX(Matriz_Riesgos!$J$4:$J$34,MATCH($A16,Matriz_Riesgos!$A$4:$A$34,0)) -> 8 | E16: Equipo de Infraestructura Cloud | F16: RBAC de menor privilegio; identidades administradas en lugar de secretos; private endpoints; purge protection y rotación de secretos. | G16: Corto plazo (0-3 meses) | H16: 46395 | I16: Pendiente | J16: =INDEX(Matriz_Riesgos!$R$4:$R$34,MATCH($A16,Matriz_Riesgos!$A$4:$A$34,0)) -> 12
A17: T26 | B17: Uso indebido de la clave de firma por una identidad no autorizada | C17: =INDEX(Matriz_Riesgos!$K$4:$K$34,MATCH($A17,Matriz_Riesgos!$A$4:$A$34,0)) -> Alto | D17: =INDEX(Matriz_Riesgos!$J$4:$J$34,MATCH($A17,Matriz_Riesgos!$A$4:$A$34,0)) -> 8 | E17: Equipo de Infraestructura Cloud | F17: Permisos de firma solo para la identidad del conector; claves no exportables (HSM / Key Vault Premium); aprobación para cambios de acceso. | G17: Corto plazo (0-3 meses) | H17: 46395 | I17: Pendiente | J17: =INDEX(Matriz_Riesgos!$R$4:$R$34,MATCH($A17,Matriz_Riesgos!$A$4:$A$34,0)) -> 13
... A36: T21 | B36: El analista BI niega haber exportado o compartido informes | C36: =INDEX(Matriz_Riesgos!$K$4:$K$34,MATCH($A36,Matriz_Riesgos!$A$4:$A$34,0)) -> Bajo | D36: =INDEX(Matriz_Riesgos!$J$4:$J$34,MATCH($A36,Matriz_Riesgos!$A$4:$A$34,0)) -> 2 | E36: Líder de BI | F36: Habilitar registros de actividad de Power BI; cuentas nominales. | G36: Largo plazo (6-12 meses) | H36: 46668 | I36: Pendiente | J36: =INDEX(Matriz_Riesgos!$R$4:$R$34,MATCH($A36,Matriz_Riesgos!$A$4:$A$34,0)) -> 31

Sheet Roadmap
A1: Roadmap de mejoras (0-12 meses)
A4: Horizonte | B4: Fecha límite | C4: Crítico | D4: Alto | E4: Medio | F4: Bajo | G4: Total | H4: Enfoque
A5: =Parametros!A23 -> Corto plazo (0-3 meses) | B5: =Parametros!B23 -> 46395 | C5: =COUNTIFS(Remediacion!$G$6:$G$36,$A5,Remediacion!$C$6:$C$36,C$4) -> 6 | D5: =COUNTIFS(Remediacion!$G$6:$G$36,$A5,Remediacion!$C$6:$C$36,D$4) -> 7 | E5: =COUNTIFS(Remediacion!$G$6:$G$36,$A5,Remediacion!$C$6:$C$36,E$4) -> 0 | F5: =COUNTIFS(Remediacion!$G$6:$G$36,$A5,Remediacion!$C$6:$C$36,F$4) -> 0 | G5: =SUM(C5:F5) -> 13 | H5: Cerrar las rutas de fraude directo: MFA resistente a phishing y acceso condicional, PIM para administradores, SoD y aprobación de datos maestros, endurecimiento de Logic Apps / Service Bus / Key Vault, integridad del lote de pago y gobierno de Power BI.
A6: =Parametros!A24 -> Mediano plazo (3-6 meses) | B6: =Parametros!B24 -> 46485 | C6: =COUNTIFS(Remediacion!$G$6:$G$36,$A6,Remediacion!$C$6:$C$36,C$4) -> 0 | D6: =COUNTIFS(Remediacion!$G$6:$G$36,$A6,Remediacion!$C$6:$C$36,D$4) -> 6 | E6: =COUNTIFS(Remediacion!$G$6:$G$36,$A6,Remediacion!$C$6:$C$36,E$4) -> 6 | F6: =COUNTIFS(Remediacion!$G$6:$G$36,$A6,Remediacion!$C$6:$C$36,F$4) -> 0 | G6: =SUM(C6:F6) -> 12 | H6: Visibilidad y resiliencia: logging centralizado y SIEM con alertas, database logging en tablas críticas, DLP y etiquetas de sensibilidad, límites de tasa en APIs, reglas estrictas de conciliación, plan de continuidad y revisiones de acceso.
A7: =Parametros!A25 -> Largo plazo (6-12 meses) | B7: =Parametros!B25 -> 46668 | C7: =COUNTIFS(Remediacion!$G$6:$G$36,$A7,Remediacion!$C$6:$C$36,C$4) -> 0 | D7: =COUNTIFS(Remediacion!$G$6:$G$36,$A7,Remediacion!$C$6:$C$36,D$4) -> 0 | E7: =COUNTIFS(Remediacion!$G$6:$G$36,$A7,Remediacion!$C$6:$C$36,E$4) -> 4 | F7: =COUNTIFS(Remediacion!$G$6:$G$36,$A7,Remediacion!$C$6:$C$36,F$4) -> 2 | G7: =SUM(C7:F7) -> 6 | H7: Madurez y mejora continua: pruebas de recuperación, almacenamiento inmutable, hardening continuo, cuentas externas bajo revisión periódica y actualización del modelo de amenazas en cada cambio relevante (SSDLC).
A8: Total | C8: =SUM(C5:C7) -> 6 | D8: =SUM(D5:D7) -> 13 | E8: =SUM(E5:E7) -> 10 | F8: =SUM(F5:F7) -> 2 | G8: =SUM(G5:G7) -> 31
